iter	Logloss
0	0.5029648866
1	0.4652804575
2	0.4480230532
3	0.4327310501
4	0.4272580455
